,adobe,airbnb,aliexpress,amazon,apple,bbc,bing,bloomberg,booking,cnn,craigslist,dropbox,duckduckgo,ebay,etsy,expedia,facebook,forbes,foxnews,github,google,homedepot,hulu,imdb,instagram,linkedin,microsoft,nasa,netflix,nih,nytimes,pinterest,quora,reddit,spotify,stackoverflow,target,theguardian,tripadvisor,tumblr,twitch,walmart,washingtonpost,weather,wikipedia,wordpress,yahoo,yelp,youtube,zillow
adobe,10,0,0,0,0,0,1,0,0,0,0,0,0,0,2,0,0,0,0,0,0,0,0,1,1,1,1,0,1,0,1,0,0,2,0,15,0,1,2,0,1,0,0,0,0,0,0,0,0,0
airbnb,0,12,0,0,0,0,0,0,0,0,0,0,0,0,0,2,0,0,0,0,0,1,4,0,0,0,0,0,0,0,0,0,0,0,0,0,0,0,0,0,0,0,0,0,0,0,1,0,0,0
aliexpress,0,0,5,0,0,0,1,0,0,2,0,0,0,0,0,0,1,0,1,0,0,0,0,0,0,0,0,1,0,2,0,0,1,0,0,0,1,0,0,2,0,2,0,1,0,0,0,0,0,0
amazon,0,0,1,12,0,0,0,0,1,1,0,0,0,0,0,0,0,0,0,0,0,0,0,0,0,1,0,0,0,0,0,0,1,0,0,0,0,0,0,0,0,0,0,0,0,0,0,0,0,1
apple,0,0,0,0,4,0,0,0,0,0,0,0,2,0,0,0,2,0,1,0,0,0,0,0,0,1,1,0,0,0,1,2,1,0,0,0,0,0,0,3,1,0,1,0,0,0,0,0,0,0
bbc,0,0,0,0,0,6,0,0,0,2,0,1,0,1,0,0,0,2,1,0,0,0,0,1,0,1,1,0,1,0,0,0,3,0,0,0,0,0,0,0,0,0,0,0,0,0,0,0,0,0
bing,1,0,2,0,0,0,3,0,2,0,0,0,0,0,0,0,1,1,1,0,0,0,0,0,0,0,0,0,1,0,2,2,0,0,1,0,0,2,0,1,0,0,0,0,0,0,0,0,0,0
bloomberg,0,0,1,1,1,0,0,6,0,1,0,0,0,0,0,0,1,0,0,0,1,0,0,0,0,0,0,0,1,1,0,2,0,0,0,1,0,0,0,0,0,0,0,1,0,2,0,0,0,0
booking,1,0,0,0,0,0,0,0,9,0,0,0,0,2,0,0,0,0,0,0,0,0,0,2,1,0,0,0,1,0,0,0,0,0,0,0,0,1,0,1,0,0,0,0,0,0,0,0,0,2
cnn,0,0,1,0,0,1,0,2,0,3,0,0,0,1,0,0,2,0,0,0,1,0,0,0,1,1,1,0,0,0,0,1,0,0,0,0,2,0,0,0,0,0,0,2,0,1,0,0,0,0
craigslist,0,0,1,3,1,0,2,0,0,0,3,0,0,0,0,0,1,0,1,2,0,0,0,0,0,0,0,0,2,0,0,0,0,0,0,0,0,1,0,2,0,0,0,0,0,0,0,0,1,0
dropbox,1,0,0,0,0,1,0,0,0,0,0,6,0,0,0,0,0,0,1,0,0,0,0,0,0,3,0,0,0,1,0,0,1,0,0,2,1,0,0,0,0,1,0,0,0,0,0,0,0,2
duckduckgo,0,0,0,0,2,0,0,0,0,0,0,0,10,0,0,0,0,0,0,0,0,0,0,0,0,0,0,1,0,0,1,1,0,0,0,0,0,0,0,0,1,0,0,1,0,0,0,0,3,0
ebay,0,0,0,1,0,0,0,1,0,0,0,0,0,3,0,0,0,1,1,0,2,0,0,1,2,1,1,0,3,0,0,0,0,0,0,0,0,0,0,1,0,0,0,0,0,0,0,0,0,2
etsy,0,3,0,0,0,0,0,0,0,0,0,0,0,0,14,0,0,0,0,0,0,0,0,0,0,0,0,0,0,0,0,0,0,0,0,0,0,0,1,0,0,0,0,0,0,0,0,2,0,0
expedia,0,4,0,0,0,0,0,0,0,0,0,0,0,0,0,12,0,0,0,0,0,0,3,0,0,0,0,0,0,0,0,0,0,0,0,0,0,0,0,0,0,0,0,0,0,0,1,0,0,0
facebook,0,0,0,0,2,0,0,0,0,0,0,0,0,1,0,0,9,0,0,0,1,0,0,0,0,1,0,0,0,1,0,0,2,0,0,0,0,0,0,1,0,0,0,1,0,0,0,0,1,0
forbes,1,0,0,0,1,0,2,0,0,0,0,0,0,0,0,0,1,3,0,0,0,0,0,0,0,0,2,0,1,2,0,1,0,1,0,0,0,1,0,0,0,1,1,0,0,1,0,0,0,1
foxnews,0,0,0,0,0,0,0,1,0,0,0,2,0,1,0,0,0,0,9,0,1,0,0,0,0,0,0,1,0,0,1,0,0,0,0,0,0,2,0,0,0,0,0,0,0,0,0,0,0,2
github,0,0,0,0,2,0,1,0,1,2,1,0,1,0,0,0,0,0,1,1,0,0,0,1,1,0,0,4,0,0,0,0,0,0,1,0,0,0,0,0,1,0,0,0,0,1,0,0,1,0
google,0,0,0,2,1,0,0,2,0,0,0,0,1,0,1,0,3,1,0,0,3,0,0,0,0,1,0,0,0,0,0,0,0,0,0,0,0,0,0,1,0,0,1,0,0,0,3,0,0,0
homedepot,0,2,0,0,0,0,0,0,0,0,0,0,0,0,1,1,0,0,0,0,0,16,0,0,0,0,0,0,0,0,0,0,0,0,0,0,0,0,0,0,0,0,0,0,0,0,0,0,0,0
hulu,0,6,0,0,0,0,0,0,0,0,0,0,0,0,0,5,0,0,0,0,0,0,8,0,0,0,0,0,0,1,0,0,0,0,0,0,0,0,0,0,0,0,0,0,0,0,0,0,0,0
imdb,1,1,1,0,1,0,0,0,0,2,0,0,0,0,0,0,0,0,1,0,0,0,1,7,0,0,0,0,1,0,0,0,0,0,0,0,0,1,0,0,0,0,0,1,0,1,0,0,0,1
instagram,0,0,0,0,4,0,0,0,0,1,0,0,0,0,0,0,3,0,0,1,2,0,0,0,0,0,0,1,1,0,0,0,1,0,1,0,0,0,0,1,0,0,0,0,0,0,1,0,3,0
linkedin,1,0,0,0,0,1,0,0,0,0,0,0,0,0,0,0,0,0,0,0,0,0,0,1,0,12,0,0,3,0,0,0,1,0,0,0,0,1,0,0,0,0,0,0,0,0,0,0,0,0
microsoft,0,0,1,0,1,1,0,0,0,0,0,0,0,0,0,0,2,0,0,0,0,0,0,0,0,0,6,0,1,2,1,0,0,0,0,1,1,1,0,0,1,0,0,1,0,0,0,0,0,0
nasa,1,0,0,0,1,0,1,0,0,1,1,1,0,0,0,0,0,1,0,1,0,0,0,0,0,0,0,3,1,1,0,0,0,1,0,0,1,1,0,0,0,0,1,0,0,0,0,0,1,2
netflix,0,0,1,0,1,1,0,1,0,1,0,0,0,1,0,0,1,0,0,0,0,0,0,0,1,0,0,1,5,1,0,0,0,0,1,0,0,0,0,0,0,1,2,0,0,1,0,0,0,0
nih,0,0,0,0,1,2,0,0,0,0,0,1,0,0,0,0,0,0,0,1,0,0,0,0,0,1,1,1,1,5,1,1,0,0,1,0,1,0,0,0,1,0,0,1,0,0,0,0,0,0
nytimes,1,0,1,0,0,0,1,1,0,0,0,0,0,0,0,0,0,1,1,2,0,0,0,0,0,0,1,1,1,0,1,1,0,1,0,0,0,1,0,0,1,2,1,1,0,0,0,0,0,0
pinterest,0,0,2,0,1,0,0,0,0,1,0,1,3,0,0,0,2,0,0,1,0,0,0,0,1,0,0,0,0,2,0,1,0,0,1,0,0,0,0,1,0,1,1,0,0,1,0,0,0,0
quora,1,1,0,0,0,0,0,0,0,0,0,0,0,0,1,0,2,0,0,0,0,2,1,0,0,4,0,0,0,1,0,0,5,0,0,0,0,1,0,0,0,0,0,1,0,0,0,0,0,0
reddit,2,2,0,0,0,1,0,0,0,0,0,0,0,0,0,4,0,0,1,0,0,0,1,0,0,1,3,0,1,2,1,0,0,0,0,0,0,0,0,0,0,0,0,0,0,0,0,0,0,1
spotify,0,0,0,0,0,0,1,0,0,0,2,0,0,0,0,0,0,1,0,3,0,0,0,0,3,0,0,1,0,1,0,1,0,0,4,0,0,0,0,0,0,1,0,0,0,0,0,0,2,0
stackoverflow,16,0,0,0,0,0,0,0,0,0,0,0,0,0,0,0,0,0,0,0,0,0,0,0,0,0,0,0,1,0,1,0,0,0,0,1,0,0,0,0,1,0,0,0,0,0,0,0,0,0
target,1,0,1,0,0,2,1,0,1,1,1,1,0,0,0,0,1,0,0,0,0,0,0,0,0,0,2,0,3,0,0,0,1,0,1,0,0,2,0,0,0,1,0,0,0,0,0,0,0,0
theguardian,2,0,0,0,0,0,4,0,3,0,0,1,1,0,0,0,0,0,0,0,0,0,0,0,0,0,1,0,0,0,0,0,0,1,0,0,0,7,0,0,0,0,0,0,0,0,0,0,0,0
tripadvisor,0,0,0,1,0,0,0,0,0,0,1,0,0,0,2,0,0,0,1,0,0,0,0,0,0,0,0,0,0,0,0,0,0,0,0,0,0,0,13,0,0,0,1,0,1,0,0,0,0,0
tumblr,0,0,0,1,0,0,0,0,0,0,2,0,0,0,0,0,4,0,1,1,0,0,0,0,1,0,0,0,2,0,1,0,0,0,0,0,0,0,0,6,1,0,0,0,0,0,0,0,0,0
twitch,0,0,0,0,0,1,0,0,0,0,1,0,0,1,0,0,1,1,0,0,0,0,0,0,0,0,0,3,1,0,1,0,0,0,3,0,0,0,1,2,2,0,1,0,0,0,1,0,0,0
walmart,0,0,1,0,0,0,2,0,0,0,3,1,0,0,0,0,1,0,2,1,0,0,0,0,0,0,0,0,1,1,0,1,0,1,0,1,0,1,0,1,0,1,1,0,0,0,0,0,0,0
washingtonpost,0,0,0,0,0,0,0,1,0,1,0,0,0,1,0,0,1,0,1,0,0,0,0,0,0,0,1,0,3,1,0,3,0,0,0,0,2,0,0,0,1,0,3,0,0,0,0,0,1,0
weather,1,0,1,0,0,0,1,0,0,0,0,0,0,1,0,0,1,0,1,0,0,0,0,0,2,2,1,0,1,2,1,0,1,0,1,0,1,1,0,0,0,0,0,1,0,0,0,0,0,0
wikipedia,0,0,0,0,0,0,0,0,0,0,0,0,0,0,3,0,0,0,0,0,0,0,0,0,0,0,0,0,0,0,0,0,1,0,0,0,0,0,1,0,0,0,0,0,15,0,0,0,0,0
wordpress,0,0,0,0,1,0,0,1,0,0,0,0,0,2,0,0,0,0,0,0,0,0,0,0,0,0,0,0,0,1,0,1,0,0,0,1,0,0,0,0,0,0,0,0,1,9,0,0,0,3
yahoo,0,1,1,0,0,0,0,0,0,0,2,0,2,0,0,0,1,0,0,0,0,0,0,0,3,0,0,0,0,3,0,0,0,0,0,0,0,0,2,1,0,0,0,0,0,0,3,0,1,0
yelp,1,2,0,0,0,0,0,0,0,0,0,0,0,0,4,0,0,2,0,1,1,0,0,0,0,0,1,1,0,0,0,0,0,0,0,0,0,0,1,2,1,0,0,0,0,0,0,2,1,0
youtube,0,0,0,1,2,0,0,0,0,2,0,0,3,0,0,0,1,0,0,0,0,0,1,0,3,0,0,0,2,1,0,0,0,0,0,0,0,0,0,1,0,0,0,0,0,0,0,0,3,0
zillow,1,0,0,0,0,0,0,0,2,0,0,0,0,1,0,1,0,0,0,0,0,0,0,6,0,0,0,0,0,0,0,0,0,0,0,0,1,0,0,0,0,0,0,0,0,1,0,0,0,7
